horizon,method,points,rmse
1-7,naive,105000,3.72782076
1-7,seasonal_naive_7,105000,3.155095652
1-7,moving_avg_28,105000,2.802098051
1-7,zero,105000,4.966837645
1-7,hgb,105000,3.559150965
1-7,hgb_gap28,105000,6.300867394
8-14,naive,105000,3.835233897
8-14,seasonal_naive_7,105000,3.248362225
8-14,moving_avg_28,105000,2.946843304
8-14,zero,105000,5.12939614
8-14,hgb,105000,2.688251827
8-14,hgb_gap28,105000,11.46873694
15-21,naive,105000,3.744178974
15-21,seasonal_naive_7,105000,3.192064566
15-21,moving_avg_28,105000,2.814190067
15-21,zero,105000,5.034135855
15-21,hgb,105000,2.641642325
15-21,hgb_gap28,105000,12.3724783
22-28,naive,105000,3.797090365
22-28,seasonal_naive_7,105000,3.125204755
22-28,moving_avg_28,105000,2.83743652
22-28,zero,105000,4.960117126
22-28,hgb,105000,2.749836742
22-28,hgb_gap28,105000,14.8645347
