bin,method,series,points,rmse,mae
0-10%,naive,587,16436,9.041133255,5.23637138
0-10%,seasonal_naive_7,587,16436,6.857522476,4.293684595
0-10%,moving_avg_28,587,16436,5.881889282,3.615986684
0-10%,zero,587,16436,14.00584179,8.64157946
0-10%,hgb,587,16436,5.973739363,3.499352707
0-10%,hgb_gap28,587,16436,8.323751634,3.814125043
10-30%,naive,1770,49560,8.237124617,3.561481033
10-30%,seasonal_naive_7,1770,49560,6.831189746,3.069188862
10-30%,moving_avg_28,1770,49560,6.499979434,2.661687132
10-30%,zero,1770,49560,11.16717832,4.360754641
10-30%,hgb,1770,49560,6.813647837,2.522598902
10-30%,hgb_gap28,1770,49560,33.41624226,3.592890135
30-50%,naive,2511,70308,3.162444073,1.81515617
30-50%,seasonal_naive_7,2511,70308,2.973006319,1.639272913
30-50%,moving_avg_28,2511,70308,2.4406427,1.347784036
30-50%,zero,2511,70308,3.125164842,1.623712807
30-50%,hgb,2511,70308,2.434995414,1.310300378
30-50%,hgb_gap28,2511,70308,2.525308371,1.334119143
50-70%,naive,3757,105196,1.907483646,1.102066619
50-70%,seasonal_naive_7,3757,105196,1.856257485,1.024287996
50-70%,moving_avg_28,3757,105196,1.42911626,0.8832173141
50-70%,zero,3757,105196,1.749631262,0.8694912354
50-70%,hgb,3757,105196,1.392727887,0.8748739448
50-70%,hgb_gap28,3757,105196,1.405694695,0.8912580117
70-100%,naive,6374,178472,1.051617309,0.4720852571
70-100%,seasonal_naive_7,6374,178472,1.001556456,0.4348693352
70-100%,moving_avg_28,6374,178472,0.8095978964,0.4113926634
70-100%,zero,6374,178472,1.015092968,0.328936752
70-100%,hgb,6374,178472,0.7752158228,0.4202107244
70-100%,hgb_gap28,6374,178472,0.8091814381,0.4340029355
