feature,rmse_increase
price,8.080908417
r_m91,7.292456294
store_id,3.996535756
r_m28,1.856587784
price_rel91,1.776860773
days_since_sale,1.434992357
y_o,1.312314179
r_share28,1.295451743
r_m7,0.862370872
h,0.4241575706
lag_w1,0.3269104487
r_std28,0.2982269161
lag_w3,0.2144813893
r_exp,0.2024392177
wday,0.07429944157
lag_w2,0.04589646674
dept_id,0.006433368781
price_vs_o,0.004437618118
state_id,0.001836890615
event_type_1,0.000310130489
month,9.996916812e-06
has_event,2.008050137e-06
dom,-0.007188468631
cat_id,-0.008737096391
snap,-0.1097699586
price_chg_w,-0.1843769586
