origin,method,rmse,mae,wrmsse,series_scored
1801,naive,4.362263774,1.418154762,1.194209978,2999
1801,seasonal_naive_7,4.292871999,1.327154762,1.165919095,2999
1801,moving_avg_28,3.997682258,1.146418367,0.8704587924,2999
1801,zero,4.670103751,1.404392857,1.309132274,2999
1801,hgb,4.137917103,1.076123256,0.8149713547,2999
1801,hgb_gap28,25.23429147,1.560441138,0.8553825728,2999
1829,naive,3.141284238,1.41047619,1.223503983,3000
1829,seasonal_naive_7,2.769248652,1.20497619,1.094539295,3000
1829,moving_avg_28,2.551124619,1.060006803,0.879139467,3000
1829,zero,5.053808088,1.485428571,1.365805987,3000
1829,hgb,2.781339213,1.068798289,0.8640721847,3000
1829,hgb_gap28,3.066689453,1.106115611,0.8791666637,3000
1857,naive,3.10532377,1.357488095,1.114188661,3000
1857,seasonal_naive_7,2.757709971,1.205154762,1.061336323,3000
1857,moving_avg_28,2.439493995,1.059255102,0.8561717614,3000
1857,zero,5.07141499,1.467964286,1.337186075,3000
1857,hgb,2.451021095,1.037973319,0.8275553245,3000
1857,hgb_gap28,3.730163008,1.155104257,0.8933966672,3000
1885,naive,4.859910101,1.468440476,1.198126924,3000
1885,seasonal_naive_7,3.068552086,1.239583333,1.084845496,3000
1885,moving_avg_28,2.498066684,1.046896259,0.8277382348,3000
1885,zero,5.06801478,1.488535714,1.352400915,3000
1885,hgb,2.505013626,1.023090515,0.8004728829,3000
1885,hgb_gap28,3.208053788,1.088287346,0.8334089184,3000
1913,naive,3.023950034,1.373821429,1.111283065,3000
1913,seasonal_naive_7,2.731276084,1.252916667,1.043651467,3000
1913,moving_avg_28,2.439624968,1.073656463,0.825503858,3000
1913,zero,5.234688557,1.56427381,1.362981457,3000
1913,hgb,2.429374151,1.052452556,0.7966692697,3000
1913,hgb_gap28,3.34694779,1.111562126,0.8389302215,3000
