scope,method,rmse_all,rmse_without_case
pooled,naive,3.776322222,3.695768959
pooled,seasonal_naive_7,3.180513585,3.085302152
pooled,moving_avg_28,2.850717045,2.746471667
pooled,zero,5.023083382,4.962881902
pooled,hgb,2.934030068,2.658758637
pooled,hgb_gap28,11.67546003,4.567120379
1-7,naive,3.72782076,3.627452351
1-7,seasonal_naive_7,3.155095652,3.035751277
1-7,moving_avg_28,2.802098051,2.67028385
1-7,zero,4.966837645,4.892029984
1-7,hgb,3.559150965,2.593304765
1-7,hgb_gap28,6.300867394,4.652272255
8-14,naive,3.835233897,3.766092182
8-14,seasonal_naive_7,3.248362225,3.167560627
8-14,moving_avg_28,2.946843304,2.859530055
8-14,zero,5.12939614,5.077982822
8-14,hgb,2.688251827,2.673399658
8-14,hgb_gap28,11.46873694,4.336260716
15-21,naive,3.744178974,3.658519989
15-21,seasonal_naive_7,3.192064566,3.092026496
15-21,moving_avg_28,2.814190067,2.70281403
15-21,zero,5.034135855,4.970832032
15-21,hgb,2.641642325,2.627764074
15-21,hgb_gap28,12.3724783,4.157898158
22-28,naive,3.797090365,3.729370376
22-28,seasonal_naive_7,3.125204755,3.044093212
22-28,moving_avg_28,2.83743652,2.749526288
22-28,zero,4.960117126,4.908538388
22-28,hgb,2.749836742,2.738348152
22-28,hgb_gap28,14.8645347,5.069461806
